<?xml version="1.0" encoding="UTF-8"?>
<project-private xmlns="http://www.netbeans.org/ns/project-private/1">
    <editor-bookmarks xmlns="http://www.netbeans.org/ns/editor-bookmarks/2" lastBookmarkId="0"/>
    <open-files xmlns="http://www.netbeans.org/ns/projectui-open-files/2">
        <group>
            <file>file:/C:/Users/Deepak/Desktop/other/office%20project/Barcode%20Based%20Attendence%20System/src/login/Barcode.java</file>
            <file>file:/C:/Users/Deepak/Desktop/other/office%20project/Barcode%20Based%20Attendence%20System/src/login/StdReg.java</file>
        </group>
    </open-files>
</project-private>
